{"cameraMode":{"drawMode":0,"name":"Shaded","section":"Shading Mode"},"sceneLighting":false,"audioPlay":false,"sceneViewState":{"m_AlwaysRefresh":false,"showFog":true,"showSkybox":false,"showFlares":true,"showImageEffects":true,"showParticleSystems":true,"showVisualEffectGraphs":true,"m_FxEnabled":true},"in2DMode":false,"pivot":{"x":0.44691798090934756,"y":2.619159698486328,"z":1.3334370851516724},"rotation":{"x":-0.03099355474114418,"y":0.9416736364364624,"z":-0.32437631487846377,"w":-0.08750485628843308},"size":1.116823434829712,"orthographic":false}