{"cameraMode":{"drawMode":0,"name":"Shaded","section":"Shading Mode"},"sceneLighting":false,"audioPlay":false,"sceneViewState":{"m_AlwaysRefresh":false,"showFog":true,"showSkybox":false,"showFlares":true,"showImageEffects":true,"showParticleSystems":true,"showVisualEffectGraphs":true,"m_FxEnabled":true},"in2DMode":false,"pivot":{"x":347.6955261230469,"y":-102.40312957763672,"z":512.8690795898438},"rotation":{"x":-0.0028011566027998926,"y":0.9941622018814087,"z":-0.02686263807117939,"w":-0.10505547374486923},"size":1.0729563236236573,"orthographic":false}